[{
  "_id": {
    "$oid": "657325a2aa2f5520b77bdaa7"
  },
  "id": 1,
  "password": "pbkdf2_sha256$216000$VJCUPKW2cyEO$dxf5p/tk4OjcB2QZjHQOTgq/RX71eMPQjpz5a1gnvqM=",
  "last_login": {
    "$date": "2023-12-20T14:01:23.593Z"
  },
  "is_superuser": true,
  "username": "admin",
  "first_name": "Yaq",
  "last_name": "Yousfi",
  "email": "admin@admin.com",
  "is_staff": true,
  "is_active": true,
  "date_joined": {
    "$date": "2023-12-08T14:18:10.000Z"
  }
},
{
  "_id": {
    "$oid": "657485bada65ee2fb788473a"
  },
  "id": 2,
  "password": "pbkdf2_sha256$216000$36fzVUXFaY22$9GTpzgkFDmylqpmHqpvNwj/euuPh8tYMkeZEJ+JdvaU=",
  "last_login": {
    "$date": "2023-12-20T14:22:30.749Z"
  },
  "is_superuser": false,
  "username": "test",
  "first_name": "",
  "last_name": "",
  "email": "",
  "is_staff": false,
  "is_active": true,
  "date_joined": {
    "$date": "2023-12-09T15:20:26.216Z"
  }
},
{
  "_id": {
    "$oid": "657dc445a4e92a0db74ba8da"
  },
  "id": 3,
  "password": "pbkdf2_sha256$216000$Ch8KfqcklqWj$YATSYl48U+zhWkZgpR/Pdpa5KY3oYKeWN9arRceenNQ=",
  "last_login": {
    "$date": "2023-12-20T06:33:42.366Z"
  },
  "is_superuser": false,
  "username": "test2",
  "first_name": "ljsdfksjflds",
  "last_name": "fdslkfjdls",
  "email": "test@gmail.com",
  "is_staff": false,
  "is_active": true,
  "date_joined": {
    "$date": "2023-12-16T15:37:40.614Z"
  }
},
{
  "_id": {
    "$oid": "658079a3077af34b3cf0108d"
  },
  "id": 4,
  "password": "pbkdf2_sha256$216000$evYEBd78Uj3P$b217syN8WikVRG/N/03on5h6MNufRZpOyqI4vDdGreI=",
  "last_login": {
    "$date": "2023-12-18T16:56:25.699Z"
  },
  "is_superuser": false,
  "username": "test3",
  "first_name": "ahmed",
  "last_name": "khalid",
  "email": "test3@gmail.com",
  "is_staff": false,
  "is_active": true,
  "date_joined": {
    "$date": "2023-12-18T16:56:03.568Z"
  }
},
{
  "_id": {
    "$oid": "65828fe1795bf38ff1973a1f"
  },
  "id": 5,
  "password": "pbkdf2_sha256$216000$858WYzADDysW$f/TzULkYJv+Qe+ZwNJeJ4Zkup1HqyK8xtB24l1qbqlc=",
  "last_login": null,
  "is_superuser": true,
  "username": "yaqoob",
  "first_name": "",
  "last_name": "",
  "email": "yaqoob@gmail.com",
  "is_staff": true,
  "is_active": true,
  "date_joined": {
    "$date": "2023-12-20T06:55:28.929Z"
  }
},
{
  "_id": {
    "$oid": "6582915b73e535a3e52ccf59"
  },
  "id": 6,
  "password": "pbkdf2_sha256$216000$b2m03a9vKroH$nuKe1wtX53QYLGJmWQiIiWu0Qj6lqh148sI7DtubZMY=",
  "last_login": {
    "$date": "2023-12-20T07:48:09.197Z"
  },
  "is_superuser": false,
  "username": "Yousif",
  "first_name": "Yousif",
  "last_name": "Yousiff",
  "email": "Yousif@gmail.com",
  "is_staff": false,
  "is_active": true,
  "date_joined": {
    "$date": "2023-12-20T07:01:47.201Z"
  }
},
{
  "_id": {
    "$oid": "6582ed5e12ffc4b51e1fbf88"
  },
  "id": 7,
  "password": "pbkdf2_sha256$216000$2LA84sEEJ5q1$O7cQuiFrVNTIRZ8ezYBObH+sKHAPtlPWbnc0DMPt8Q0=",
  "last_login": null,
  "is_superuser": false,
  "username": "hhhhhhh",
  "first_name": "sdfsdfds",
  "last_name": "sdfdsfds",
  "email": "hhhhh@gmail.com",
  "is_staff": false,
  "is_active": true,
  "date_joined": {
    "$date": "2023-12-20T13:34:22.191Z"
  }
},
{
  "_id": {
    "$oid": "6582f168f60427b65541155c"
  },
  "id": 8,
  "password": "pbkdf2_sha256$216000$ANXPZV86IHOn$2S3jvE0hF6LAtYz4FF+Mc0BGMnFHwkUBUkZSUqokTg8=",
  "last_login": {
    "$date": "2023-12-20T13:51:47.228Z"
  },
  "is_superuser": false,
  "username": "asdsad",
  "first_name": "sadasd",
  "last_name": "dsads",
  "email": "sadsad@sadas.com",
  "is_staff": false,
  "is_active": true,
  "date_joined": {
    "$date": "2023-12-20T13:51:36.246Z"
  }
},
{
  "_id": {
    "$oid": "6582f1a4fc6553478712ff0f"
  },
  "id": 9,
  "password": "pbkdf2_sha256$216000$VoidU0oDwxC1$74K9e0yE5Y+DOlWRI7R1n1lq+sWUoo+11nyWRw+accs=",
  "last_login": null,
  "is_superuser": false,
  "username": "bitcoin",
  "first_name": "bit",
  "last_name": "coin",
  "email": "bit@gmail.com",
  "is_staff": false,
  "is_active": true,
  "date_joined": {
    "$date": "2023-12-20T13:52:36.190Z"
  }
},
{
  "_id": {
    "$oid": "6582f1d5fc6553478712ff10"
  },
  "id": 10,
  "password": "pbkdf2_sha256$216000$HztguvgSFTpc$A1XJXjJ4itkhPGIqKr/U5ySC3VC2AO3SguYAGQHkLWc=",
  "last_login": null,
  "is_superuser": false,
  "username": "Sad2",
  "first_name": "sad2",
  "last_name": "sad",
  "email": "sad2@gmail.com",
  "is_staff": false,
  "is_active": true,
  "date_joined": {
    "$date": "2023-12-20T13:53:24.969Z"
  }
},
{
  "_id": {
    "$oid": "6582f362fc6553478712ff12"
  },
  "id": 11,
  "password": "pbkdf2_sha256$216000$zCiinzo5Oika$aLxDB6INWSHNjCbga4p2yqJ7Yz68ho+w0aJvN8fNohE=",
  "last_login": {
    "$date": "2023-12-20T14:00:12.163Z"
  },
  "is_superuser": false,
  "username": "YaqoobY",
  "first_name": "Yaqoob",
  "last_name": "Yousif",
  "email": "Yaqoob@gmail.com",
  "is_staff": false,
  "is_active": true,
  "date_joined": {
    "$date": "2023-12-20T14:00:01.893Z"
  }
}]