[{
  "_id": {
    "$oid": "657329ebac6c686bc609897b"
  },
  "id": 1,
  "title": "Caffè Americano",
  "description": "Espresso shots topped with hot water create a light layer of crema culminating in this wonderfully rich cup with depth and nuance.",
  "producttype": "Hot Coffee",
  "header_image": "images/americano_JQt9SPp.jpg"
},
{
  "_id": {
    "$oid": "65732ca141ed595423f691ba"
  },
  "id": 3,
  "title": "Caramel Macchiato",
  "description": "Freshly steamed milk with vanilla-flavored syrup marked with espresso and topped with a caramel drizzle for an oh-so-sweet finish.",
  "producttype": "Hot Coffee",
  "header_image": "images/CaramelMacchiato.jpeg"
},
{
  "_id": {
    "$oid": "6574637699f3ab0addb5e209"
  },
  "id": 4,
  "title": "Gingerbread Oatmilk Chai",
  "description": "Sweet and delicately spicy gingerbread flavors mingle—with our Blonde Espresso and steamed milk, topped with whipped cream and a pumpkin spice blend—for the perfect holiday touch.",
  "producttype": "Hot Tea",
  "header_image": "images/GingerbreadLatte_8jAPlkq.jpeg"
},
{
  "_id": {
    "$oid": "65746fbf9f11997854a4cfb1"
  },
  "id": 5,
  "title": "Pumpkin Cream Cold Brew",
  "description": "Cold Brew sweetened with vanilla syrup and topped with pumpkin cream cold foam and a dusting of pumpkin-spice topping.",
  "producttype": "Cold Coffee",
  "header_image": "images/PumpkinColdBrew.jpeg"
},
{
  "_id": {
    "$oid": "6574725fbe36b9da6e3f5bba"
  },
  "id": 7,
  "title": "Cinnamon Caramel Cream Cold Brew",
  "description": "Cold Brew is sweetened with Cinnamon Caramel Syrup and topped with a cinnamon caramel cold foam and a dusting of cinnamon dolce topping for a special treat.",
  "producttype": "Cold Coffee",
  "header_image": "images/CinnamonCaramelCreamColdBrew.jpeg"
},
{
  "_id": {
    "$oid": "658275649898bf5e067d5890"
  },
  "id": 9,
  "title": "Peppermint Mocha",
  "description": "Our festive all-star Peppermint Mocha brightens the holidays: signature Espresso Roast combines with steamed milk, sweet mocha sauce and peppermint-flavored syrup, topped with whipped cream and dark-chocolate curls.",
  "producttype": "Hot Coffee",
  "header_image": "images/PeppermintMocha.jpeg"
},
{
  "_id": {
    "$oid": "658275979898bf5e067d5891"
  },
  "id": 10,
  "title": "Peppermint White Chocolate Mocha",
  "description": "Rich espresso meets a trio of white chocolate sauce, peppermint-flavored syrup and steamed milk, topped with sweet whipped cream and dark-chocolate curls—an oh-so-delightfully merry treat.",
  "producttype": "Hot Coffee",
  "header_image": "images/PeppermintWhiteChocolateMocha.jpeg"
},
{
  "_id": {
    "$oid": "658275c89898bf5e067d5892"
  },
  "id": 11,
  "title": "Caffè Mocha",
  "description": "Our rich, full-bodied espresso combined with bittersweet mocha sauce and steamed milk, then topped with sweetened whipped cream. The classic coffee drink that always sweetly satisfies.",
  "producttype": "Hot Coffee",
  "header_image": "images/CaffeMocha.jpeg"
},
{
  "_id": {
    "$oid": "65827748a7899b610a711c89"
  },
  "id": 12,
  "title": "Royal English Breakfast Tea",
  "description": "Each sip of this beloved morning black tea unfolds to reveal the complexity of the high-grown full leaves. An elegant, time-honored classic that brings a royal nod to every cup.",
  "producttype": "Hot Tea",
  "header_image": "images/RoyalEnglishBreakfastBlackTea.jpeg"
},
{
  "_id": {
    "$oid": "65827791174d678f04783208"
  },
  "id": 13,
  "title": "Earl Grey Tea",
  "description": "We take a strong black tea base and add the essence of bergamot, a citrus fruit with subtle lemon and floral lavender notes, to create this aromatically awesome tea flavor.",
  "producttype": "Hot Tea",
  "header_image": "images/EarlGreyBlackTea.jpeg"
},
{
  "_id": {
    "$oid": "658277cc174d678f04783209"
  },
  "id": 14,
  "title": "Chai Tea Latte",
  "description": "Black tea infused with cinnamon, clove and other warming spices is combined with steamed milk and topped with foam for the perfect balance of sweet and spicy. An iconic chai cup.",
  "producttype": "Hot Tea",
  "header_image": "images/ChaiLatte.jpeg"
},
{
  "_id": {
    "$oid": "6582781d174d678f0478320a"
  },
  "id": 15,
  "title": "Chestnut Praline Crème",
  "description": "Steamed milk and flavors of caramelized chestnuts and spices—topped with whipped cream and spiced praline crumbs—come together for this festive moment.",
  "producttype": "Hot Drinks",
  "header_image": "images/ChestnutPralineCremeFrappuccino.jpeg"
},
{
  "_id": {
    "$oid": "65827854174d678f0478320b"
  },
  "id": 16,
  "title": "White Hot Chocolate",
  "description": "A traditional hot chocolate beverage made with white chocolate sauce and steamed milk, topped with whipped cream.",
  "producttype": "Hot Drinks",
  "header_image": "images/WhiteHotChocolate.jpeg"
},
{
  "_id": {
    "$oid": "65827889174d678f0478320c"
  },
  "id": 17,
  "title": "Hot Chocolate",
  "description": "Steamed milk with chocolate-flavored syrups. Topped with sweetened whipped cream and chocolate-flavored drizzle. A timeless classic made to sweeten your spirits.",
  "producttype": "Hot Drinks",
  "header_image": "images/HotChocolate.jpeg"
},
{
  "_id": {
    "$oid": "65827901174d678f0478320d"
  },
  "id": 18,
  "title": "Impossible™ Breakfast Sandwich",
  "description": "The savory Impossible™ Sausage Made from Plants combined with a cage-free fried egg and aged Cheddar cheese on an artisan sesame ciabatta bun.\r\n- VEGETARIAN\r\n- HIGH-PROTEIN",
  "producttype": "Breakfast",
  "header_image": "images/BreakfastSandwich.jpeg"
},
{
  "_id": {
    "$oid": "65827921174d678f0478320e"
  },
  "id": 19,
  "title": "Sausage, Cheddar & Egg Sandwich",
  "description": "A savory sausage patty, fluffy cage-free eggs and aged Cheddar cheese on a perfectly toasted English muffin.\r\n-HIGH-PROTEIN",
  "producttype": "Breakfast",
  "header_image": "images/SausageEggCheddarSandwich.jpeg"
},
{
  "_id": {
    "$oid": "658279f1174d678f0478320f"
  },
  "id": 20,
  "title": "Iced Green Tea",
  "description": "Green tea blended with mint, lemongrass and lemon verbena, and given a good shake with ice. Lightly flavored and oh-so-refreshing!",
  "producttype": "Cold Tea",
  "header_image": "images/IcedGreenTea.jpeg"
},
{
  "_id": {
    "$oid": "65827a42174d678f04783210"
  },
  "id": 21,
  "title": "Iced Royal English Breakfast Tea Latte",
  "description": "A select blend of rich, full-leaf black teas from India and Sri Lanka sweetened with liquid cane sugar and combined with milk and ice.",
  "producttype": "Cold Tea",
  "header_image": "images/IcedRoyalEnglishTeaLatte.jpeg"
},
{
  "_id": {
    "$oid": "65827a90174d678f04783211"
  },
  "id": 22,
  "title": "Frozen Strawberry Açaí Lemonade",
  "description": "Sweet strawberry flavors and tropical açaí notes blended with real strawberry pieces, strawberry puree and lemonade for a refreshingly frozen, vibrant escape in a cup.",
  "producttype": "Cold Drinks",
  "header_image": "images/FrozenStrawberryAcaiRefresherLemonade.jpeg"
},
{
  "_id": {
    "$oid": "65827abd174d678f04783212"
  },
  "id": 23,
  "title": "Frozen Pineapple Passionfruit Lemonade",
  "description": "Tropical flavors of pineapple and passionfruit blended with real diced pineapple, strawberry puree and lemonade for a refreshingly frozen, vibrant escape in a cup.",
  "producttype": "Cold Drinks",
  "header_image": "images/FrozenPineapplePassionfruitRefresherLemonade.jpeg"
},
{
  "_id": {
    "$oid": "65827b08174d678f04783213"
  },
  "id": 24,
  "title": "Tomato & Mozzarella on Focaccia",
  "description": "Roasted tomatoes, mozzarella, spinach and basil pesto layered on toasted focaccia bread.\r\n-VEGETARIAN\r\n-HIGH-PROTEIN",
  "producttype": "Lunch",
  "header_image": "images/Starbucks-Tomato-Mozzarella-on-Focaccia.jpg"
},
{
  "_id": {
    "$oid": "65827b31174d678f04783214"
  },
  "id": 25,
  "title": "Crispy Grilled Cheese on Sourdough",
  "description": "A blend of white Cheddar and mozzarella cheeses on sourdough bread, topped with a Parmesan butter spread.\r\n- VEGETARIAN\r\n- HIGH-PROTEIN",
  "producttype": "Lunch",
  "header_image": "images/CrispyGrilledCheeseSourdough.jpeg"
}]